"extract","m","y"
"leaf",35,26
"leaf",36,25
"leaf",38,21
"leaf",38,18
"leaf",39,30
"leaf",38,8
"leaf",34,12
"leaf",38,33
"leaf",36,23
"leaf",37,18
"branch",36,28
"branch",35,29
"branch",37,26
"branch",37,19
"branch",36,28
"branch",37,29
"branch",39,22
"branch",37,10
"branch",34,26
"branch",35,18
"seed",35,0
"seed",35,1
"seed",36,0
"seed",34,0
"seed",35,1
"seed",37,0
"seed",35,0
"seed",35,0
"seed",36,2
"seed",35,0
"control",37,20
"control",35,25
"control",35,31
"control",35,28
"control",35,31
"control",36,35
"control",34,23
"control",32,32
"control",35,33
"control",37,28
